metric,value
draws,20.0
observations,104.0
overall_mean,3.0886991084163635
overall_sd,2.696229008809425
