metric,value
draws,20.0
observations,104.0
overall_mean,5.363407137714668e6
overall_sd,1.0752178847343316e7
