metric,value
bias,1.8150268384232882e6
mae,1.8150268384232882e6
mean_fitted,78.6103113270036
mean_observed,1.8151054487346152e6
rmse,1.942775596166543e6
