metric,value
bias,165.43574854800215
draws,500.0
mae,181669.82704143942
mean_fitted,1.833178355988059e6
mean_observed,1.8333437917366074e6
observations,312.0
panels,3.0
rmse,252298.77988659512
