metric,value
bias,1756.268764915258
draws,500.0
mae,180148.75592371932
observations,104.0
rmse,252202.3094157991
