{"draws":500,"observations":104,"metrics":{"rmse":252202.3094157991,"bias":1756.268764915258,"mae":180148.75592371932},"available":true}