metric,value
lag1_acf,-0.011326408878395066
max,907555.274759161
mean,1756.268764915258
min,-606492.549279687
sd,253417.49047015212
