metric,value
bias,1.8151031996914921e6
mae,1.8151031996914921e6
mean_fitted,2.249043123690111
mean_observed,1.8151054487346152e6
rmse,1.9440491831607257e6
