metric,value
bias,1756.268764915258
mae,180148.75592371932
mean_fitted,1.8133491799697008e6
mean_observed,1.8151054487346152e6
rmse,252202.3094157991
