{"nobs":312,"target_column":"revenue","control_columns":[],"target_scale":[3.659425e6,3.69613066422671e6,3.73280130519351e6],"n_time":104,"panel_dims":["geo"],"nchannels":6,"channel_scale":[2.1680496e6,1.5010848e6,957669.3333,1.426918982e6,394953.5856,294800.0,2.1898712067355e6,1.51621212591515e6,967335.216872021,1.44124981033312e6,398926.772253795,297762.1088729,2.21145254907863e6,1.53125183291531e6,976941.287317939,1.45572546359818e6,402898.003190326,300741.299662974],"channel_columns":["channel_1","channel_2","channel_3","channel_4","channel_5","channel_6"],"model_type":"PanelMMM","n_panels":3,"panel_names":["UK","FR","DE"],"ncontrols":0}