metric,value
bias,165.43574854800215
draws,500.0
mae,181669.82704143942
observations,312.0
panels,3.0
rmse,252298.77988659512
