{"draws":500,"observations":312,"metrics":{"rmse":252298.77988659512,"bias":165.43574854800215,"mae":181669.82704143942},"n_panels":3,"panel_names":["UK","FR","DE"],"available":true,"n_time":104}