metric,value
lag1_acf,-0.013742855788764084
max,949421.0913447056
mean,165.43574854800215
min,-574755.9641518099
panel_mean_abs_residual,696.4920391925881
panels,3.0
sd,252704.0250662878
time_periods,104.0
